Id,Name,Birthdate,Gender,Age,Address
1a053d24-bfc9-44a8-8bca-8fd2ddba281a,유시우,1934-08-14,Female,91,부산시 서구 45길 35
fd2f41c3-a030-4d9c-b7cf-e53b5bc2cafa,이민준,1989-10-11,Male,36,수원시 팔달구 76길 91
ae7874e5-0840-4575-880c-d66f1d66243f,반지아,1945-08-04,Male,80,서울시 노원구 56길 85
889deb4c-f82a-4dae-b70e-36c981db0862,국지우,1935-01-22,Female,90,부산시 동구 88길 89
934431fa-ec00-4790-8c02-164ebf33ab81,빈서현,1977-09-04,Male,48,수원시 영통구 4길 43
93fb6fbc-c304-4a1b-bb96-3f22288bdf43,국우진,1936-04-06,Male,89,수원시 권선구 61길 16
7ee320cd-f631-4063-9dd5-f6efce2ece0f,지민서,1998-05-17,Female,27,서울시 노원구 67길 4
1b6aa18f-cfbf-42d8-8949-336cdaa158fa,안수빈,1956-08-18,Male,69,부산시 해운대구 61길 71
015e7abc-06ef-4314-bc01-cb8e72f828aa,유시우,1942-04-10,Female,83,서울시 동대문구 44길 48
02b9949a-3841-4a7f-89f7-929f98bb23e7,기서현,1997-05-18,Female,28,수원시 권선구 6길 89
a3ff55a9-9640-45eb-a845-6bc2aa86d677,빈가은,1958-07-05,Male,67,서울시 동대문구 74길 59
10710495-6d65-4095-abb5-04f2efbf8cba,최지호,1989-03-09,Female,36,부산시 동구 18길 88
1a2a69e4-5202-4e10-87dd-eb2e6042d82f,빈지호,1925-08-17,Male,100,서울시 마포구 11길 21
40d3f645-92d9-4a24-a64a-34071bc621cc,이윤서,1960-09-02,Female,65,수원시 장안구 30길 89
645f5a69-bbf5-4216-aea8-09affc4581eb,변예서,1938-07-07,Female,87,수원시 영통구 85길 13
4a5d6d6e-2b58-407e-b7f2-9f0d2a1daace,제갈지유,1999-12-08,Female,26,서울시 영등포구 54길 19
cf258c70-96b5-4956-a3ce-c33dae4da050,국지유,1925-05-15,Male,100,서울시 동대문구 86길 25
23ad8939-ac8f-48c6-be8e-9e2bac574c35,제갈준우,1959-10-06,Female,66,서울시 서대문구 88길 17
8304e042-5e23-4d72-9337-f7b9e5391baf,기지언,1960-12-04,Male,65,부산시 북구 80길 22
b71c08a8-6a8a-484f-9448-17f98a4b5588,반지아,1998-05-08,Male,27,수원시 영통구 21길 12
b46d5f8c-e1a2-4046-b83d-e5c1349de988,기서연,1998-06-01,Female,27,부산시 장안구 2길 44
9e4b1d9c-3148-4207-afd2-50b3a6654aa1,국예준,1934-01-21,Female,91,부산시 해운대구 60길 62
fcdf99dd-c30f-4a2f-8fd4-e4fe3103e269,박시후,1957-01-11,Male,68,부산시 서구 53길 65
86ec7118-b757-4426-b0c4-1850e9397933,윤은우,1924-08-03,Female,101,부산시 서구 24길 39
7c098ca6-763a-4b72-bb11-4c31806c72ad,지채원,1999-08-03,Male,26,서울시 노원구 18길 78
37691c28-b57b-42c3-a5da-5339b9a11162,최소율,1950-07-09,Female,75,수원시 장안구 74길 3
7b1688a6-24d6-4baf-9f33-8b3930a6e1b3,제갈다은,1987-12-04,Male,38,부산시 동구 33길 12
ca88536f-a5fa-494d-bbbe-2bd17cbcded9,제갈가은,2003-12-05,Male,22,수원시 권선구 9길 24
fbb3081d-9fe1-4789-b892-567ae34bb023,남궁준우,1927-09-22,Male,98,부산시 동구 61길 8
dea681ec-e320-4b83-b56f-5ba2b26d290e,빈준서,1980-07-14,Male,45,서울시 마포구 83길 65
373e11a8-87d9-41b3-946a-509c9f98b283,빈시윤,1957-07-13,Female,68,수원시 권선구 77길 48
0f16493f-a5a3-4fa5-bc57-2d5a5499d15c,국선우,1952-05-26,Male,73,부산시 해운대구 7길 73
bcdb20be-1ff7-45b8-b9c4-051ef4b7ee92,변선우,1929-02-20,Male,96,서울시 서대문구 69길 84
c924531a-c1b7-440a-9afe-5202bf8f33e0,정시우,1992-03-10,Male,33,서울시 동대문구 24길 24
ee20df73-0f2c-4093-9e6e-114e1d8a4f22,기지호,2007-05-09,Female,18,부산시 동구 85길 26
66a313b6-2e5a-4f18-83c5-7cb53eab715c,빈예준,1933-10-26,Female,92,서울시 영등포구 84길 7
5edef39d-9858-442d-858c-5c8c13e8a4da,윤선우,1952-04-23,Female,73,부산시 서구 86길 48
9d596038-e3c9-4a7d-8009-6c44349dc92c,정하은,2010-08-04,Male,15,수원시 영통구 79길 40
31270fff-9cd2-437d-aba8-4d38646ce50e,윤예은,1951-07-15,Female,74,수원시 팔달구 53길 69
dd6f6fa4-0323-4ff2-ab98-94e6da95698c,국다은,1999-02-03,Male,26,서울시 동대문구 39길 17
ee796099-07da-4ab0-878a-6abdcd5ebe01,이주원,1977-12-13,Female,48,수원시 권선구 32길 11
2326d17a-75e7-40a3-a4dd-0d6bd352c958,지지윤,1930-02-11,Male,95,부산시 장안구 19길 8
96dff36c-9a70-47b0-8b29-eb3a44129f20,빈서연,1962-07-05,Male,63,부산시 해운대구 50길 5
29ae1c2f-4f20-4d2c-921e-2899a2d24e50,지지호,1964-11-25,Female,61,서울시 동대문구 6길 76
40bf60cb-bae2-49b9-be36-3a192a9e7d70,지지아,1945-07-28,Male,80,부산시 해운대구 65길 33
407ddead-c15a-4773-9aa0-15c02f252f94,지지아,2009-01-10,Male,16,서울시 서대문구 49길 24
1adb6a7d-b627-404b-8574-7962f9884c4f,국민서,2000-02-02,Male,25,서울시 영등포구 11길 67
f9fdeca0-b799-4e29-9a46-10b382203bf2,지서아,1976-03-10,Female,49,수원시 권선구 31길 24
1c11139a-f722-424f-8170-5cb74c06bbee,국지우,2013-07-07,Male,12,부산시 장안구 56길 94
46940cc2-5d29-4062-a9ef-5ae34ab685ec,안지후,1952-04-12,Female,73,수원시 장안구 52길 61
